Error_Tag,Count
lex,5069
syntax,4399
gov,2278
ortho,2128
prep,1291
ref,1250
asp,1127
conj,985
agrnum,874
constr,853
agrgender,852
morph,849
agrcase,848
num,817
"ortho,subst",709
wo,704
punct,644
infl,551
"ortho,miss",507
"lex,subst",444
not-clear,337
tense,325
misspell,304
extra,297
brev,295
miss,287
space,257
gender,247
"lex,constr",223
agrpers,186
refl,185
"ortho,extra",161
"lex,transfer",159
hyphen,157
"lex,not-clear",156
deriv,151
"syntax,gov",145
impers,128
"constr,lex",126
subst,124
"prep,miss",116
"syntax,asp",112
"disc,wo",109
"constr,transfer",107
space+ins,106
"gov,agrcase",104
hyphen+del,101
"lex,extra",95
aux,93
par,93
com,92
nominative,91
"syntax,constr",86
"punct,miss",85
altern,85
idiom,84
"lex,miss",81
"ref,miss",79
"lex,par",76
mode,75
"morph,infl",74
"syntax,agrgender",74
"syntax,agrnum",73
transfer,69
cs,67
"ref,extra",64
"syntax,tense",62
"infl,subst",62
hyphen+ins,60
agrstr,59
"syntax,constr,prep,subst",59
insert,58
"disc,constr",55
"syntax,agrcase",54
"disc,lex",53
translit,53
del,52
"prep,subst",52
passive,51
"gov,lex",51
"constr,miss",51
"prep,extra",50
"morph,deriv",50
"syntax,constr,lex,miss",49
"conj,miss",47
"lex,disc",47
"conj,extra",46
"syntax,gov,miss",45
"prep,lex",44
"gov,constr",44
"ortho,transp",44
"ref,lex",44
"ortho,space,extra",44
"gov,prep",43
"ortho,gov",42
"conj,lex",41
disc,40
"aux,miss",38
"ortho,graph",36
"ortho,space",36
"space,extra",36
"ortho,misspell",35
space+del,35
"transfer,lex",34
"syntax,gov,prep",34
"asp,lex",34
coord,33
agrgerund,32
"not-clear,lex",32
neg,31
"disc,lex,subst",30
"wo,transfer",30
"lex,ortho",30
"ortho,infl",30
"syntax,miss",29
"infl,ortho",28
"lex,asp",28
"asp,tense",28
"disc,lex,miss",28
"lex,idiom",28
"miss,constr",27
"miss,syntax",27
"morph,altern",27
"constr,extra",26
"gov,num",26
"conj,subst",26
"constr,not-clear",26
"miss,prep",26
"miss,ref",25
"ortho,lex",25
"ref,gov",25
"wo,transp",25
transp,25
"miss,ortho",24
"syntax,constr,prep",24
"gov,ortho",24
"punct,extra",24
"constr,disc",23
graph,23
"wo,constr",23
"syntax,wo",23
"idiom,lex",23
"lex,ref",23
"extra,lex",22
"syntax,constr,miss",22
"miss,lex",21
"lex,gov",21
"wo,lex",21
"aux,extra",21
"ref,subst",21
"constr,syntax",20
"ortho,subst,infl",20
"agrcase,agrnum",20
"transfer,constr",20
"constr,gov",20
"lex,conj",20
"lex,prep",20
"tense,asp",20
"prep,constr",19
"lex,deriv",19
"syntax,gov,prep,miss",18
"constr,prep",18
"prep,transfer",18
"ortho,space,miss",17
"space,ortho",17
"disc,constr,lex,extra",17
"ortho,morph",17
"gov,prep,constr",17
"space,extra,ortho",17
"disc,lex,ref,extra",17
"ortho,subst,transfer",16
"ortho,translit",16
"gov,ref",15
"lex,syntax",15
"extra,prep",15
"extra,conj",15
"num,transfer",15
"subst,ortho",15
"ortho,deriv",15
"constr,subst",15
"conj,constr",15
"syntax,gov,prep,subst",15
"gov,transfer",15
"par,lex",14
"disc,tense",14
"morph,altern,infl",14
"infl,miss",14
"ortho,subst,translit",14
"prep,gov",14
"gov,prep,miss",14
"extra,ref",14
"num,agrnum",14
"syntax,constr,subst",14
"constr,agrstr",14
"disc,lex,extra",14
"syntax,agrpers",14
"disc,constr,lex,miss",13
"morph,num",13
"syntax,constr,prep,miss",13
"infl,morph",13
"hyphen,miss",13
"ref,transfer",13
"syntax,gov,prep,extra",13
"syntax,extra",13
"lex,constr,miss",13
"conj,lex,constr",12
"lex,tense",12
"lex,refl",12
"agrcase,agrgender",12
"ortho,agrcase",12
"constr,impers",12
"refl,miss",12
"lex,agrcase",12
"idiom,transfer",11
"asp,constr",11
"ortho,hyphen,miss",11
"syntax,constr,lex,extra",11
"miss,conj",11
"infl,extra",11
"morph,gender",11
"syntax,subst",11
"syntax,transfer",11
"agrpers,agrnum",11
"lex,constr,transfer",11
"ortho,hyphen",11
"num,gov",10
"morph,deriv,miss",10
"extra,transfer",10
"not-clear,constr",10
"num,lex",10
"syntax,constr,impers",10
"impers,constr",10
"disc,lex,ref",10
"constr,idiom",9
"agrgender,agrnum",9
"agrcase,ortho",9
"lex,constr,extra",9
"syntax,lex",9
"extra,constr",9
"lex,prep,miss",9
"idiom,constr",9
"extra,space",9
"disc,lex,ref,miss",9
"deriv,lex",9
"gov,infl",9
"constr,lex,miss",9
"agrcase,lex",8
"conj,transfer",8
"prep,miss,gov",8
"infl,gov",8
"deriv,miss",8
"ortho,altern",8
"agrgender,ref",8
"agrnum,agrcase",8
"syntax,brev",8
"ref,constr",8
"gov,punct",8
"morph,altern,miss",8
"num,agrcase",8
"constr,wo",8
"constr,conj",8
"misspell,ortho",8
"extra,syntax",7
"lex,subst,transfer",7
"lex,morph",7
"disc,constr,miss",7
"constr,lex,not-clear",7
"ortho,agrnum",7
"agrnum,num",7
"agrstr,constr",7
"agrcase,constr",7
"lex,constr,subst",7
"ortho,par",7
"ortho,not-clear",7
"extra,ortho",7
"agrgender,agrcase",7
"altern,prep",7
"constr,agrcase",7
"lex,agrstr",7
"idiom,subst",7
"aux,tense",7
"misspell,subst",7
"transfer,ortho",7
"extra,not-clear",7
"ortho,extra,infl",7
"agrnum,agrpers",7
"miss,ref,constr",7
"syntax,ortho",7
"ortho,transfer",6
"lex,misspell",6
"lex,wo",6
"asp,ortho",6
"gov,syntax",6
"ref,not-clear",6
"ortho,agrpers",6
"ortho,miss,infl",6
"tense,constr",6
"lex,constr,agrstr",6
"gov,miss",6
"syntax,constr,wo",6
"agrcase,infl",6
"constr,ref,miss",6
"ortho,punct",6
"tense,agrpers",6
"agrnum,ortho",6
"agrgender,lex",6
"punct,subst",6
"morph,altern,extra",6
"ref,ortho",6
"syntax,constr,extra",6
"ortho,num",6
"conj,constr,lex,transfer",6
genneg,6
"lex,agrgender",6
"syntax,constr,conj",6
"ortho,ref",5
"tense,lex",5
"syntax,not-clear",5
"lex,miss,not-clear",5
"agrnum,lex",5
"num,constr",5
"conj,lex,constr,transfer",5
"lex,constr,idiom",5
"syntax,aux,miss",5
"disc,constr,lex",5
"ortho,gender",5
"refl,lex",5
"agrnum,gov",5
"hyphen,ortho",5
"agrpers,tense",5
"deriv,ortho",5
"miss,asp",5
"prep,agrcase",5
"morph,miss",5
"constr,wo,lex",5
"num,ortho",5
"agrcase,gov",5
"prep,lex,gov",5
"aux,lex",5
"subst,lex",5
"lex,constr,not-clear",5
"deriv,extra",5
"asp,morph",5
"lex,space",5
"disc,constr,extra",5
"conj,gov",5
"refl,constr",5
"agrnum,agrgender",5
"impers,miss",5
"miss,gov",5
"morph,infl,miss",5
"constr,num",5
"agrcase,syntax",5
"space,miss",5
"hyphen,space",5
"constr,ref",5
"lex,num",5
"space,lex",5
"misspell,deriv",5
"miss,prep,agrcase",5
"agrgender,brev",5
"agrcase,ref",5
"transp,ortho",5
"constr,lex,transfer",5
"miss,disc",5
"ortho,morph,deriv",4
"prep,extra,gov",4
"tense,aux",4
"lex,punct",4
"ref,gender",4
"infl,altern",4
"gender,agrgender",4
"gov,not-clear",4
"agrstr,prep",4
"miss,infl",4
"hyphen,agrcase",4
"wo,disc",4
"syntax,constr,neg,miss",4
"asp,agrnum",4
"constr,aux",4
"extra,aux",4
"ref,miss,constr",4
"lex,cs",4
"gov,impers",4
"syntax,constr,prep,extra,transfer",4
"prep,extra,transfer",4
"miss,space",4
"ref,agrgender",4
"brev,syntax",4
"gov,extra",4
"deriv,transfer",4
"lex,brev",4
"gov,agrstr",4
"wo,punct",4
"deriv,misspell",4
"gov,constr,transfer",4
"par,idiom",4
"agrnum,transfer",4
"lex,miss,constr",4
"brev,lex",4
"morph,ortho",4
"ref,morph",4
"disc,constr,wo",4
"transp,wo",4
"gov,agrgender",4
"prep,miss,constr",4
"syntax,constr,transfer",4
"asp,agrgender",4
"agrstr,ref,miss",4
"ortho,constr",4
"extra,agrcase",4
"constr,asp",4
"prep,agrstr",4
"conj,space",4
"transfer,syntax",4
"hyphen,gov",4
"disc,extra",4
"lex,aux",4
"prep,ortho",4
"ortho,refl",4
"syntax,ref,miss",4
"translit,ortho",4
"agrcase,miss",4
"constr,tense",4
"asp,refl",4
"wo,neg",4
"lex,subst,par",4
"disc,constr,transfer",4
"constr,gov,lex",4
"agrnum,ortho,subst",4
"punct,lex,extra",4
"agrstr,extra,prep",4
"wo,gov",4
"miss,agrcase",4
"space,hyphen",4
"space,conj",4
"disc,miss",4
"lex,refl,miss",4
"num,infl",4
"syntax,gov,genneg",4
"ortho,impers",3
"ortho,conj",3
"prep,gov,lex",3
"mode,extra",3
"gender,infl,subst",3
"syntax,constr,lex,subst",3
"agrnum,agrgender,agrpers",3
"wo,constr,lex",3
"miss,constr,disc",3
"ortho,gov,infl",3
"lex,extra,not-clear",3
"ref,syntax",3
"disc,lex,transfer",3
"num,ortho,subst",3
"ref,agrcase",3
"translit,transfer",3
"ortho,neg",3
"gender,ref",3
"agrcase,subst",3
"subst,ref",3
"disc,not-clear",3
"num,ref",3
"miss,not-clear",3
"ortho,miss,misspell,subst",3
"not-clear,transfer",3
"ortho,asp",3
"lex,par,asp",3
"lex,agrnum",3
"brev,constr",3
"transfer,idiom",3
"gender,num",3
"gov,ortho,infl",3
"ortho,wo",3
"syntax,conj",3
"gov,extra,prep",3
"ortho,brev",3
"constr,transfer,lex",3
"gender,lex",3
"agrstr,constr,transfer",3
"transfer,gov",3
"ortho,miss,transfer",3
"space,ortho,miss",3
"passive,refl",3
"gov,ortho,subst",3
"subst,miss",3
"agrpers,agrgender",3
"refl,asp",3
"ortho,miss,misspell",3
"gov,idiom",3
"wo,miss",3
"mode,tense",3
"gov,prep,extra",3
"punct,ortho",3
"aux,asp",3
"space,punct",3
"ortho,ref,gov",3
"lex,infl",3
"agrgender,num",3
"agrstr,miss",3
"agrnum,infl",3
"agrcase,punct",3
"gov,wo",3
"agrnum,brev",3
"ortho,subst,gov",3
"hyphen,miss,ortho",3
"conj,miss,constr",3
"ortho,subst,punct",3
"gov,lex,num",3
"agrstr,miss,prep",3
"ortho,ortho",3
"prep,miss,lex,constr",3
"ortho,tense",3
"infl,gender",3
"com,lex",3
"transfer,gov,extra,prep",3
"agrnum,agrpers,tense",3
"miss,prep,constr",3
"constr,miss,prep",3
"ref,miss,lex",3
"agrcase,brev",3
"syntax,aux,extra",3
"agrcase,agrstr",3
"gov,constr,agrstr",3
"miss,hyphen",3
"agrgender,ortho",3
"space,miss,ortho",3
"space,deriv",3
"ortho,agrgender",3
"constr,disc,miss",3
"deriv,not-clear",3
"constr,neg",3
"disc,lex,constr",3
"ortho,subst,punct,miss",3
"conj,constr,miss,ref",3
"agrstr,prep,miss",3
"conj,ortho",3
"lex,constr,gov",3
"miss,aux",3
"wo,ref",3
"lex,conj,subst",3
"par,subst",3
"tense,agrgender",3
"miss,ref,syntax",3
"ref,agrnum",3
"tense,disc",3
"tense,refl",3
"asp,impers",2
"mode,miss,num",2
"ref,conj",2
"impers,refl",2
"lex,miss,disc",2
"aux,constr",2
"lex,translit",2
"impers,ortho",2
"lex,transfer,subst",2
"constr,brev",2
"ortho,infl,gov",2
"disc,wo,lex",2
"conj,ref,subst",2
"prep,ref,miss",2
"ortho,ref,miss",2
"tense,ortho",2
"subst,agrcase",2
"constr,aux,miss",2
"punct,transfer",2
"conj,punct",2
"transfer,punct",2
"constr,lex,ref",2
"lex,agrpers",2
"agrgender,refl",2
"gov,agrcase,agrnum",2
"agrstr,gov,prep",2
"miss,agrnum",2
"ortho,gov,prep",2
"miss,prep,gov",2
"tense,miss",2
"lex,constr,impers",2
"prep,miss,lex",2
"tense,brev",2
"lex,ref,miss",2
"idiom,ortho",2
"extra,space,ortho",2
"brev,agrstr",2
"constr,conj,miss",2
"lex,extra,constr",2
"ortho,hyphen,space",2
"asp,lex,not-clear",2
"par,miss",2
"prep,par",2
"gov,infl,ortho",2
"agrstr,constr,lex,miss",2
"not-clear,agrcase",2
"impers,syntax",2
"neg,constr",2
"agrpers,refl",2
"ortho,infl,agrcase",2
"asp,not-clear",2
"deriv,ortho,subst",2
"agrstr,agrnum",2
"gov,morph",2
"agrgender,asp",2
"constr,transfer,extra",2
"ortho,space,translit,infl",2
"miss,lex,constr",2
"agrcase,not-clear",2
"wo,extra",2
"constr,ref,lex",2
"morph,constr",2
"prep,subst,gov",2
"ortho,subst,infl,subst",2
"extra,ref,transfer",2
"agrstr,agrcase",2
"conj,lex,agrstr",2
"tense,mode",2
"ortho,miss,syntax",2
"transfer,aux",2
"ortho,miss,lex",2
"infl,punct",2
"aux,miss,brev",2
"wo,agrcase",2
"neg,miss",2
"extra,subst",2
"deriv,altern",2
"morph,prep,extra",2
"lex,idiom,transfer",2
"gov,lex,not-clear",2
"constr,lex,gov",2
"constr,disc,conj,prep,extra",2
"asp,agrpers",2
"refl,impers,syntax",2
"gender,ortho",2
"lex,conj,transfer",2
"transfer,ortho,subst",2
"extra,lex,prep",2
"morph,lex",2
"ortho,miss,asp",2
"num,gender",2
"space,agrgender",2
"agrcase,extra",2
"syntax,brev,extra",2
"neg,ortho",2
"gov,constr,lex",2
"constr,prep,agrcase",2
"disc,ref,extra",2
"brev,agrgender",2
"subst,transfer",2
"gov,constr,prep",2
"par,asp",2
"ortho,miss,conj",2
"neg,extra",2
"tense,transfer",2
"gov,ortho,misspell",2
"syntax,lex,subst",2
"transfer,constr,prep",2
"gov,lex,constr",2
"gov,constr,prep,miss",2
"idiom,miss",2
"lex,prep,constr",2
"gender,cs",2
"syntax,constr,neg",2
"lex,disc,extra",2
"syntax,constr,com",2
"not-clear,aux",2
"refl,tense",2
"lex,deriv,num",2
"brev,space",2
"extra,lex,disc",2
"infl,lex",2
"misspell,not-clear",2
"hyphen,extra",2
"prep,altern",2
"constr,refl",2
"idiom,lex,miss",2
"space,subst",2
"constr,idiom,lex",2
"prep,wo",2
"lex,asp,tense",2
"syntax,constr,impers,miss",2
"deriv,subst",2
"morph,transfer",2
"agrnum,tense",2
"transfer,extra",2
"gov,agrcase,num",2
"misspell,miss",2
"asp,transfer",2
"gender,transfer",2
"miss,conj,constr",2
"miss,agrstr",2
"constr,morph",2
"infl,not-clear",2
"hyphen,ref",2
"cs,ortho",2
"agrcase,deriv",2
"prep,not-clear",2
"extra,disc",2
"prep,idiom",2
"miss,mode,transfer",2
"deriv,refl",2
"lex,punct,miss",2
"ref,num",2
"altern,deriv",2
"agrnum,miss",2
"morph,asp",2
"constr,punct",2
"aux,subst",2
"par,subst,lex",2
"transfer,conj",2
"num,idiom",2
"subst,idiom",2
"miss,aux,tense",2
"aux,syntax",2
"constr,transp",2
"agrcase,prep,miss",2
"constr,subst,lex",2
"altern,ortho,subst",2
"infl,gov,prep",2
"ortho,miss,infl,subst",2
"idiom,agrnum",2
"agrnum,asp",2
"constr,lex,agrstr",2
"ortho,deriv,morph",2
"morph,infl,subst",2
"idiom,not-clear",2
"agrstr,lex",2
"ortho,gov,agrcase",2
"wo,tense",2
"wo,prep,miss",2
"gov,space",2
"ortho,gov,gender",2
"not-clear,miss",2
"ortho,subst,infl,miss",2
"subst,prep",2
"ortho,subst,lex",2
"ref,ortho,gov",2
"gov,gender",2
"ortho,extra,lex",2
"transfer,prep",2
"gov,conj",2
"extra,idiom",2
"infl,num",2
"wo,syntax",2
"constr,lex,asp",2
"subst,misspell",2
"agrstr,gov,constr",2
"wo,conj",2
"lex,impers",2
"agrstr,not-clear",2
"ref,lex,gov",2
"constr,ortho",2
"agrcase,morph",2
"gov,neg",2
"wo,ortho,lex",2
"agrgender,tense",2
"gov,constr,syntax",2
"lex,com",2
"refl,extra",2
"constr,agrnum",2
"wo,not-clear",2
"wo,neg,constr",2
"agrgender,syntax",2
"ortho,space,lex",2
"morph,deriv,infl",2
"not-clear,extra",2
"misspell,agrgender",2
"refl,not-clear",2
"ortho,prep",2
"ortho,misspell,transp",2
"tense,aux,miss",2
"lex,refl,extra",2
"ortho,misspell,miss",2
"ortho,misspell,graph",2
"gov,lex,agrcase",2
"ortho,gov,ref",2
"miss,misspell",2
"constr,prep,miss",2
"extra,agrgender",2
"syntax,constr,conj,subst",2
"transfer,disc",1
"prep,extra,conj,miss",1
"disc,constr,ref",1
"lex,subst,mode",1
"morph,deriv,transfer",1
"ref,hyphen",1
"ortho,misspell,agrpers",1
"agrgender,agrcase,miss",1
"wo,deriv",1
"agrgender,gov,transfer,lex",1
"agrpers,agrnum,extra",1
"gov,miss,lex,agrcase,agrpers,agrnum",1
"not-clear,misspell",1
"ortho,agrnum,space",1
"agrnum,agrpers,extra",1
"ref,transfer,extra",1
"space,refl",1
"neg,miss,transfer,punct",1
"extra,morph",1
"miss,prep,agrstr,constr",1
"transfer,ref,extra",1
"constr,miss,gov",1
"asp,punct",1
"conj,constr,transfer",1
"lex,transfer,tense",1
"disc,punct,miss",1
"agrcase,ortho,miss",1
"infl,transfer",1
"ortho,subst,asp",1
"constr,prep,num",1
"constr,transfer,not-clear",1
"disc,lex,agrnum",1
"transfer,aux,extra",1
"neg,wo",1
"lex,ref,subst",1
"prep,transfer,subst",1
"transfer,lex,extra",1
"lex,transfer,punct",1
"gov,agrpers",1
"wo,agrgender,neg",1
"constr,disc,transfer",1
"gender,impers",1
"extra,refl,ref,miss",1
"ortho,deriv,agrnum",1
"ortho,lex,par",1
"wo,constr,transfer",1
"transfer,conj,mode,lex",1
"neg,miss,tense",1
"syntax,conj,miss",1
"disc,ref,miss",1
"ref,ortho,lex",1
"not-clear,lex,miss",1
"ortho,infl,num",1
"agrgender,ref,lex",1
"misspell,asp",1
"lex,ortho,transp",1
"wo,agrstr,lex",1
"neg,tense,agrpers",1
"extra,infl",1
"constr,prep,ortho,miss",1
"lex,constr,prep,miss",1
"constr,ref,miss,conj,miss,lex",1
"ref,wo,infl",1
"refl,deriv,lex",1
"ortho,extra,agrnum,syntax",1
"neg,morph",1
"lex,idiom,asp",1
"morph,infl,altern",1
"disc,idiom",1
"constr,disc,wo",1
"agrstr,constr,prep",1
"ref,extra,impers",1
"wo,asp,neg",1
"brev,gov",1
"transp,ortho,lex",1
"wo,prep,extra",1
"miss,disc,lex",1
"miss,idiom",1
"space,conj,lex",1
"wo,infl",1
"ortho,subst,not-clear",1
"agrstr,lex,not-clear",1
"constr,space,prep",1
"lex,asp,agrstr",1
"brev,aux,miss,gov",1
"extra,com",1
"hyphen,syntax",1
"mode,agrgender",1
"constr,conj,extra",1
"refl,constr,ref,miss",1
"prep,hyphen,miss",1
"gov,constr,agrnum",1
"agrgender,prep,miss",1
"prep,lex,constr",1
"mode,lex",1
"prep,lex,ortho,subst",1
"constr,disc,extra",1
"constr,disc,idiom,ortho",1
"constr,gov,prep",1
"infl,constr",1
"lex,miss,ref,constr",1
"infl,gov,constr",1
"lex,transfer,not-clear",1
"gov,lex,par",1
"agrstr,gov,prep,constr",1
"ortho,infl,constr",1
"ortho,infl,deriv",1
"lex,agrgender,aux",1
"agrpers,ref,asp",1
"ortho,gender,not-clear",1
"aux,gov,agrcase",1
"agrstr,constr,conj,miss,impers",1
"constr,agrstr,conj,miss",1
"gov,constr,ref",1
"agrstr,lex,agrcase",1
"ortho,altern,deriv",1
"lex,mode,disc",1
"subst,tense",1
"syntax,constr,transfer,wo",1
"ortho,space,extra,agrcase",1
"gov,prep,constr,agrstr",1
"aux,ref,lex,miss",1
"not-clear,deriv",1
"deriv,ortho,morph,infl,gov",1
"constr,lex,disc",1
"misspell,lex",1
"constr,aux,miss,syntax",1
"lex,disc,prep",1
"gov,space,prep",1
"ortho,num,ref",1
"agrpers,ortho,not-clear",1
"wo,lex,not-clear",1
"deriv,agrgender",1
"agrcase,ortho,subst",1
"constr,transfer,ref",1
"constr,agrstr,gov,ref",1
"gov,gender,ref",1
"deriv,ortho,morph",1
"lex,asp,refl",1
"wo,misspell",1
"ortho,constr,disc",1
"constr,neg,miss",1
"lex,miss,aux",1
"constr,ref,transfer",1
"syntax,transfer,conj,wo",1
"prep,miss,agrcase",1
"lex,constr,refl",1
"ref,extra,conj,miss",1
"lex,tense,agrstr",1
"syntax,constr,conj,extra",1
"disc,wo,disc,lex",1
"disc,wo,disc,constr",1
"ref,ortho,agrcase",1
"deriv,ortho,neg",1
"ortho,par,lex",1
"lex,miss,ref,constr,agrstr",1
"ref,lex,agrcase",1
"lex,ortho,gov",1
"gov,agrcase,agrstr",1
"agrstr,lex,miss",1
"lex,miss,gov,agrstr",1
"ortho,space,miss,gov",1
"lex,ref,gov",1
"brev,constr,agrgender",1
"conj,miss,gov,constr",1
"lex,miss,agrstr",1
"num,gov,lex",1
"gov,gender,agrgender",1
"constr,agrstr,ref",1
"lex,miss,wo",1
"lex,neg",1
"not-clear,lex,constr",1
"tense,syntax",1
"ref,miss,prep",1
"extra,mode",1
"lex,not-clear,constr",1
"transfer,translit",1
"miss,lex,ortho,extra",1
"punct,impers",1
"syntax,lex,gov",1
"subst,gov,ortho",1
"ref,agrgender,extra",1
"subst,agrpers",1
"ortho,space,extra,lex,agrstr,agrcase",1
"refl,tense,asp,prep,miss",1
"neg,agrcase",1
"ortho,lex,gov",1
"constr,agrstr,lex,miss",1
"wo,constr,agrstr,lex",1
"tense,agrstr",1
"ortho,agrpers,tense",1
"lex,ortho,deriv",1
"lex,not-clear,ortho",1
"agrnum,num,ortho",1
"agrnum,num,gov,agrcase",1
"refl,ortho,asp",1
"gov,agrcase,lex,not-clear",1
"ortho,hyphen,miss,gov",1
"ref,agrcase,ortho",1
"conj,miss,gender,ref,gov",1
"agrpers,agrgender,lex",1
"ref,extra,transfer",1
"ortho,miss,punct,miss",1
"impers,punct,extra",1
"space,gov",1
"prep,miss,gov,num",1
"refl,ref,extra",1
"gov,num,agrnum,agrcase",1
"constr,ref,gov,agrpers,impers",1
"neg,space,extra,ortho",1
"brev,ortho",1
"wo,constr,lex,agrstr",1
"lex,miss,constr,agrstr",1
"lex,gov,constr,agrstr",1
"ref,miss,constr,agrstr",1
"constr,ortho,gender",1
"constr,agrstr,lex",1
"lex,constr,agrpers,agrcase",1
"ortho,agrnum,agrgender",1
"gov,ref,lex,miss",1
"ortho,space,miss,lex",1
"ortho,space,extra,lex",1
"wo,lex,constr,agrstr",1
"gov,ortho,agrcase",1
"lex,par,agrcase",1
"gov,agrstr,agrcase",1
"asp,lex,ortho",1
"prep,miss,agrstr,gov",1
"refl,agrpers,agrstr",1
"conj,extra,agrstr",1
"asp,deriv,ortho",1
"agrpers,neg",1
"agrpers,ortho,agrstr",1
"ortho,extra,space",1
"wo,constr,lex,miss",1
"constr,lex,gov,agrstr",1
"gov,hyphen,miss,ortho",1
"constr,ortho,lex",1
"neg,space,extra",1
"lex,extra,conj,miss",1
"wo,asp",1
"ref,lex,ortho",1
"misspell,gov",1
"ortho,prep,syntax",1
"miss,tense,syntax",1
"hyphen,miss,syntax",1
"gender,gov,miss",1
"ortho,gov,subst,infl",1
"extra,subst,misspell,ortho",1
"infl,ortho,subst",1
"ortho,gov,subst",1
"miss,ortho,gov",1
"ortho,subst,refl,miss",1
"morph,syntax",1
"gender,ortho,miss",1
"constr,extra,gov",1
"ortho,agrnum,subst",1
"miss,gov,prep",1
"extra,prep,transfer",1
"subst,morph",1
"agrgender,ortho,infl",1
"ortho,subst,agrgender,impers,constr",1
"tense,syntax,constr",1
"refl,miss,ortho",1
"refl,miss,ortho,subst,num",1
"lex,gov,ortho",1
"gov,altern,morph",1
"extra,gov",1
"lex,ortho,miss",1
"ortho,subst,agrnum",1
"lex,disc,constr",1
"agrnum,subst",1
"not-clear,ortho",1
"subst,agrnum",1
"prep,miss,misspell",1
"extra,tense",1
"space,prep",1
"miss,agrcase,agrnum,agrgender",1
"constr,agrcase,subst",1
"infl,num,constr",1
"agrgender,gender",1
"lex,gov,miss",1
"aux,agrgender,miss",1
"agrgender,miss",1
"agrnum,constr",1
"ortho,misspell,infl",1
"constr,infl,ortho",1
"gender,infl,ortho",1
"miss,ortho,infl",1
"ortho,infl,miss",1
"constr,miss,subst",1
"infl,subst,ortho",1
"hyphen,gov,miss",1
"gov,hyphen",1
"gov,extra,transfer",1
"constr,gender,punct,transfer",1
"asp,lex,transfer",1
"gov,miss,prep,transfer",1
"agrgender,lex,transfer",1
"ortho,miss,aux,tense",1
"gov,agrnum,punct",1
"miss,ref,punct,transfer",1
"lex,conj,constr",1
"ortho,miss,lex,constr,not-clear,transfer",1
"miss,constr,transfer",1
"tense,lex,ref,extra",1
"punct,agrcase",1
"punct,gov",1
"constr,prep,gov",1
"com,constr",1
"translit,ortho,gov",1
"punct,syntax",1
"miss,syntax,punct",1
"wo,miss,syntax",1
"wo,extra,transfer",1
"punct,lex,transfer",1
"miss,lex,not-clear",1
"constr,miss,space",1
"extra,ortho,not-clear",1
"miss,altern",1
"miss,agrcase,punct",1
"extra,punct,agrpers,tense",1
"asp,deriv",1
"miss,infl,agrnum",1
"punct,asp",1
"constr,punct,gov",1
"tense,agrpers,refl",1
"agrpers,lex",1
"conj,mode",1
"deriv,syntax",1
"punct,miss,lex",1
"wo,miss,ref",1
"ortho,misspell,punct",1
"ortho,gov,transfer",1
"ortho,gov,punct",1
"miss,com",1
"punct,gov,ortho",1
"passive,agrgender,agrnum,constr",1
"ref,refl",1
"tense,neg",1
"lex,agrstr,constr",1
"ortho,not-clear,space,miss",1
"prep,conj,miss",1
"lex,idiom,not-clear",1
"ortho,miss,hyphen",1
"lex,syntax,wo,constr,agrstr",1
"not-clear,agrpers",1
"gender,tense",1
"extra,prep,ref",1
"graph,cs",1
"prep,misspell",1
"wo,brev,agrnum",1
"ref,miss,not-clear",1
"space,extra,infl",1
"ortho,space,extra,prep",1
"conj,extra,constr",1
"agrgender,idiom",1
"ortho,space,miss,neg",1
"neg,space,miss,ortho",1
"miss,constr,asp",1
"miss,prep,hyphen",1
"ortho,subst,miss",1
"transfer,ref",1
"constr,conj,agrcase,prep,miss",1
"lex,agrstr,constr,prep,miss",1
"ref,gov,lex",1
"agrstr,agrgender",1
"agrpers,agrstr",1
"agrstr,agrcase,ref,agrgender",1
"num,ortho,gov",1
"agrgender,refl,ortho",1
"prep,space,extra",1
"gov,lex,ortho",1
"agrnum,ref",1
"agrstr,agrpers,tense",1
"agrcase,agrstr,agrnum",1
"constr,lex,agrstr,agrpers,miss",1
"mode,miss",1
"gov,lex,prep",1
"lex,ortho,prep,miss",1
"ref,lex,extra",1
"miss,agrstr,constr",1
"tense,lex,gov",1
"disc,lex,wo,constr",1
"lex,miss,agrcase",1
"lex,idiom,agrcase",1
"agrstr,lex,constr",1
"wo,idiom",1
"agrpers,tense,constr",1
"syntax,subst,conj",1
"constr,agrcase,lex",1
"wo,lex,subst,deriv,constr",1
"ortho,num,punct",1
"transfer,refl",1
"miss,prep,lex",1
"morph,subst",1
"misspell,punct",1
"constr,prep,ref,miss",1
"agrcase,miss,prep",1
"lex,agrnum,subst",1
"agrnum,agrgender,agrcase",1
"ortho,miss,agrnum,agrgender,agrcase",1
"tense,agrnum,agrpers",1
"tense,ortho,agrnum",1
"constr,gov,transp",1
"gov,num,ref,miss",1
"prep,ortho,space,extra",1
"syntax,aux,infl,deriv,asp,transp",1
"deriv,punct,miss",1
"ortho,punct,miss",1
"ortho,lex,brev",1
"conj,miss,agrstr,constr",1
"ortho,gov,deriv",1
"lex,prep,extra",1
"infl,agrpers",1
"agrpers,ortho",1
"lex,aux,ortho",1
"miss,translit",1
"miss,subst",1
"infl,num,transfer",1
"morph,gov,transfer",1
"infl,misspell,punct,ortho,transfer",1
"extra,punct",1
"constr,transfer,impers",1
"impers,agrgender",1
"miss,syntax,prep",1
"ortho,space,extra,neg",1
"punct,conj,miss",1
"conj,agrstr",1
"ortho,agrcase,infl",1
"constr,neg,agrpers,tense",1
"constr,extra,lex",1
"aux,punct",1
"asp,agrpers,ortho",1
"num,agrnum,par",1
"ref,agrpers",1
"impers,ref,conj,miss",1
"conj,ortho,space,extra",1
"conj,space,extra,ortho",1
"conj,extra,space,ortho",1
"ortho,space,extra,ref,lex",1
"transfer,lex,not-clear",1
"tense,constr,mode",1
"miss,mode",1
"infl,asp",1
"transfer,prep,constr,syntax",1
"constr,asp,gov",1
"syntax,mode,constr,wo",1
"mode,syntax",1
"gender,gov",1
"wo,lex,syntax",1
"gender,infl",1
"miss,ref,wo",1
"wo,syntax,tense",1
"brev,syntax,gov",1
"gender,agrnum",1
"wo,ortho,ref",1
"ref,agrcase,miss",1
"ortho,tense,ref",1
"miss,punct",1
"hyphen,ortho,agrcase",1
"ortho,not-clear,agrcase",1
"asp,miss",1
"infl,agrcase",1
"transfer,lex,asp",1
"agrpers,mode",1
"asp,agrstr,agrpers",1
"agrpers,agrnum,agrstr",1
"brev,agrgender,ortho,neg",1
"tense,ortho,agrpers,agrstr",1
"lex,constr,agrstr,conj",1
"constr,not-clear,agrstr,agrgender",1
"not-clear,lex,ortho",1
"ortho,lex,asp",1
"agrpers,asp",1
"agrgender,mode",1
"syntax,miss,punct",1
"ortho,lex,ref",1
"neg,tense",1
"brev,lex,agrpers",1
"lex,agrstr,miss,aux",1
"agrcase,lex,miss",1
"lex,ortho,par",1
"impers,lex",1
"prep,gov,miss",1
"wo,syntax,miss,punct",1
"not-clear,ortho,tense,mode",1
"wo,hyphen,miss",1
"space,lex,ortho,miss",1
"agrnum,agrstr,lex,miss",1
"conj,constr,not-clear",1
"agrcase,conj",1
"extra,translit",1
"morph,agrgender",1
"idiom,gov",1
"lex,miss,extra",1
"lex,miss,transp",1
"ortho,lex,not-clear",1
"lex,not-clear,extra",1
"agrnum,agrstr",1
"idiom,lex,not-clear",1
"refl,miss,lex",1
"transfer,translit,lex",1
"lex,agrcase,agrpers,agrstr,constr",1
"wo,lex,constr",1
"gender,agrstr",1
"gov,agrcase,syntax",1
"lex,gender,ref",1
"lex,par,not-clear",1
"idiom,transfer,lex",1
"not-clear,subst,lex",1
"agrgender,par",1
"aux,mode,brev",1
"gov,prep,not-clear",1
"wo,constr,gov,lex",1
"ortho,deriv,agrpers",1
"lex,gov,ref",1
"conj,syntax,wo",1
"cs,not-clear",1
"wo,transp,lex,agrnum",1
"deriv,agrgender,constr",1
"idiom,not-clear,transfer",1
"passive,impers",1
"lex,constr,morph",1
"conj,subst,neg",1
"agrnum,lex,constr",1
"disc,lex,disc",1
"impers,lex,par",1
"idiom,prep",1
"constr,lex,miss,agrcase",1
"gov,not-clear,not-clear",1
"space,extra,brev",1
"constr,lex,conj",1
"constr,agrstr,agrpers",1
"tense,agrgender,agrpers",1
"miss,ref,constr,idiom",1
"refl,ortho",1
"syntax,gov,wo,par",1
"constr,lex,subst",1
"graph,ortho",1
"aux,constr,subst,lex",1
"ref,num,par",1
"ref,constr,subst",1
"not-clear,lex,ref,constr,subst",1
"conj,constr,lex,subst",1
"conj,syntax,ref,lex",1
"constr,subst,syntax,ref,transfer",1
"not-clear,lex,agrnum",1
"ref,num,lex",1
"lex,extra,disc",1
"agrstr,transfer",1
"ref,miss,constr,disc",1
"constr,transfer,neg,wo",1
"misspell,altern",1
"asp,lex,transfer,subst",1
"ortho,ref,constr,lex",1
"deriv,infl,subst",1
"lex,subst,prep",1
"constr,prep,gov,agrcase",1
"ortho,subst,agrcase",1
"subst,idiom,not-clear",1
"hyphen,transfer,constr",1
"constr,subst,conj",1
"agrpers,agrnum,syntax",1
"num,subst,ref,transfer",1
"num,genneg,transfer",1
"constr,extra,ref,transfer",1
"subst,lex,constr",1
"asp,infl,miss",1
"brev,conj",1
"agrgender,wo",1
"conj,par",1
"wo,agrnum",1
"wo,agrnum,constr",1
"agrstr,gov",1
"miss,num,gov",1
"transfer,extra,prep,agrstr",1
"miss,neg",1
"constr,gov,extra",1
"constr,not-clear,disc,subst",1
"lex,disc,subst",1
"par,lex,subst",1
"constr,extra,conj",1
"transfer,extra,ref",1
"extra,ref,disc",1
"constr,lex,subst,transfer",1
"wo,constr,ref",1
"extra,conj,constr,transfer",1
"ref,subst,lex",1
"transfer,tense,constr",1
"tense,transfer,constr,lex,subst",1
"transfer,constr,lex",1
"syntax,gender",1
"extra,conj,disc",1
"disc,syntax",1
"constr,syntax,extra",1
"passive,ortho,subst",1
"syntax,num",1
"agrnum,constr,syntax",1
"constr,prep,lex",1
"extra,prep,agrstr",1
"lex,ortho,extra,idiom",1
"brev,miss",1
"aux,impers",1
"gov,refl",1
"lex,extra,gov",1
"translit,agrcase",1
"ortho,miss,infl,miss",1
"lex,not-clear,gov",1
"num,infl,subst",1
"subst,graph",1
"lex,par,subst",1
"space,extra,ortho,subst",1
"constr,transp,disc",1
"miss,prep,agrstr",1
"deriv,morph",1
"miss,ref,gov",1
"constr,disc,miss,agrnum",1
"space,ortho,subst,agrcase",1
"lex,prep,gender",1
"neg,transfer",1
"not-clear,ref,lex",1
"translit,constr",1
"tense,not-clear",1
"ortho,infl,subst",1
"asp,ref",1
"lex,constr,agrgender",1
"lex,not-clear,asp",1
"idiom,asp",1
"lex,infl,subst",1
"ortho,cs",1
"ref,wo,tense",1
"gender,ortho,subst",1
"ref,wo",1
"not-clear,lex,ref",1
"ortho,space,hyphen",1
"ref,tense,constr,ortho",1
"constr,refl,lex",1
"lex,wo,constr,not-clear",1
"num,ref,miss",1
"num,ortho,miss",1
"num,wo",1
"lex,constr,asp",1
"not-clear,gov",1
"translit,cs",1
"lex,constr,ortho",1
"ortho,transp,lex",1
"agrcase,infl,subst",1
"lex,refl,tense",1
"tense,asp,lex",1
"ref,agrcase,agrgender",1
"wo,brev,lex",1
"lex,tense,not-clear,aux",1
"wo,ref,lex,constr",1
"aux,constr,agrpers",1
"lex,constr,agrcase",1
"lex,constr,ref",1
"num,constr,ref",1
"constr,conj,asp",1
"transp,constr,wo",1
"agrcase,translit",1
"syntax,constr,lex",1
"constr,wo,agrcase",1
"ortho,refl,constr,lex",1
"hyphen,space,infl",1
"lex,passive",1
"agrstr,syntax,miss",1
"constr,gov,wo,syntax",1
"gov,miss,syntax",1
"gender,miss",1
"idiom,ortho,gov",1
"lex,extra,transfer",1
"constr,transfer,prep,extra",1
"conj,syntax,transfer",1
"lex,num,transfer",1
"lex,miss,transfer",1
"lex,prep,transfer",1
"miss,tense",1
"space,translit",1
"space,misspell",1
"transfer,subst",1
"impers,idiom",1
"prep,hyphen,altern,infl",1
"lex,par,idiom",1
"lex,gov,constr,cs",1
"ortho,constr,translit,lex",1
"gender,lex,ortho,extra",1
"constr,not-clear,lex",1
"wo,ortho,constr,not-clear",1
"gov,agrnum",1
"constr,num,lex,wo",1
"deriv,gender",1
"ortho,miss,lex,transfer",1
"refl,impers",1
"not-clear,conj",1
"not-clear,asp",1
"hyphen,transp,ortho",1
"num,lex,constr",1
"asp,tense,constr",1
"gov,miss,prep,wo",1
"genneg,gov",1
"constr,not-clear,miss",1
"constr,prep,extra,miss,transfer",1
"agrnum,agrgender,tense",1
"conj,constr,transfer,lex",1
"agrnum,not-clear",1
"not-clear,syntax,constr,lex",1
"brev,gov,not-clear",1
"agrpers,syntax,gov",1
"agrgender,agrpers",1
"par,gov,lex,agrnum",1
"gov,num,constr",1
"syntax,gov,constr,wo",1
"par,lex,deriv",1
"syntax,constr,gov",1
"altern,brev",1
"agrpers,syntax",1
"ortho,syntax",1
"syntax,constr,tense",1
"gov,prep,misspell",1
"tense,ortho,subst",1
"subst,ortho,par",1
"misspell,hyphen",1
"transfer,not-clear",1
"agrcase,constr,gov",1
"gov,constr,agrcase",1
"agrcase,hyphen",1
"hyphen,subst",1
"constr,aux,agrcase,wo,lex,mode",1
"tense,wo",1
"tense,agrcase",1
"conj,transfer,constr,lex",1
"wo,transfer,constr",1
"constr,mode,wo",1
"num,gov,not-clear",1
"constr,conj,ref",1
"lex,not-clear,num",1
"idiom,lex,idiom",1
"conj,lex,not-clear",1
"ortho,gov,lex",1
"space,ortho,subst",1
"ref,insert",1
"constr,wo,lex,transfer",1
"transp,gov,lex",1
"constr,agrcase,gov",1
"constr,prep,extra,transfer",1
"conj,constr,transfer,space",1
"gov,agrcase,ortho",1
"lex,gov,constr,transfer",1
"gov,agrcase,gender",1
"gov,agrcase,constr",1
"gov,constr,lex,syntax",1
"wo,ortho",1
"ref,agrstr",1
"agrstr,gov,lex,syntax",1
delw,1
"agrgender,ortho,miss",1
"tense,punct",1
"ref,subst,transfer",1
"wo,agrnum,lex",1
"ref,deriv",1
"lex,prep,gov,transfer",1
"conj,miss,space,extra",1
"subst,constr",1
рецензией,1
"hyphen,punct",1
"gov,agrcase,lex",1
"mode,transfer",1
"gov,infl,morph",1
"lex,coord",1
"transfer,agrcase",1
"lex,misspell,subst",1
addw,1
"space,extra,ortho,miss,punct",1
"ortho,miss,space,extra",1
"agrnum,lex,miss",1
"constr,transfer,agrstr",1
"gov,graph",1
"gov,constr,constr,subst",1
"graph,transfer",1
"ortho,subst,altern",1
"deriv,asp,refl",1
"ortho,subst,wo",1
"translit,morph",1
"ortho,ortho,morph",1
"misspell,transp",1
"lex,not-clear,transfer",1
"gov,subst",1
"not-clear,lex,subst",1
"ref,conj,subst",1
"lex,subst,prep,constr",1
"impers,constr,lex,disc",1
"altern,infl",1
"constr,miss,prep,disc",1
"constr,subst,prep,extra,transfer",1
"impers,constr,lex",1
"tense,transfer,syntax",1
"prep,subst,ortho,gov",1
"miss,ref,conj,constr",1
"disc,miss,conj,constr,transfer,syntax,lex,subst",1
"not-clear,disc,constr",1
"miss,ref,transfer",1
"subst,conj,constr",1
"extra,conj,constr",1
"agrstr,subst,prep",1
"constr,miss,refl,conj",1
"constr,disc,not-clear",1
"gov,miss,prep",1
"misspell,idiom",1
"gov,subst,ref,conj",1
"prep,extra,transfer,constr,miss",1
"lex,deriv,misspell",1
"not-clear,miss,neg",1
"num,constr,transfer",1
"wo,translit",1
"mode,conj,miss",1
"num,transfer,prep,subst",1
"wo,transp,idiom",1
"wo,transp,disc",1
"transfer,num",1
"miss,disc,ref",1
"transfer,constr,subst,prep,disc",1
"extra,hyphen,subst,miss,space",1
"asp,mode,miss",1
"constr,subst,extra",1
"idiom,subst,lex",1
"constr,ref,subst",1
"transfer,extra,prep",1
"num,constr,miss,ref",1
"constr,miss,ref",1
"idiom,extra,prep",1
"subst,constr,num",1
"miss,conj,transfer",1
"transfer,neg",1
"prep,subst,constr",1
"miss,ref,subst,constr",1
"lex,disc,ref,subst,not-clear",1
"brev,wo,transp,transfer",1
"subst,syntax",1
"transfer,infl",1
"subst,ref,transfer",1
"agrstr,prep,extra,transfer",1
"extra,prep,transfer,agrstr",1
"space,miss,misspell",1
"miss,deriv",1
"refl,constr,prep,extra",1
"lex,tense,constr",1
"misspell,extra",1
"extra,ortho,miss,aux,refl,asp",1
"constr,extra,prep,transfer",1
"agrnum,constr,refl",1
"miss,conj,transfer,lex,subst",1
"num,agrnum,transfer",1
"syntax,disc",1
"gov,prep,constr,not-clear",1
"extra,hyphen,space",1
"gov,brev",1
"constr,tense,mode,ortho",1
"transfer,mode",1
"transfer,constr,disc",1
"asp,aux",1
"subst,conj,not-clear",1
"extra,aux,transfer",1
"par,ortho,miss",1
"extra,prep,constr",1
"passive,asp",1
"deriv,tense,refl",1
"mode,asp,aux",1
"not-clear,cs",1
"lex,ref,not-clear",1
"space,not-clear",1
"par,punct",1
"idiom,punct",1
"not-clear,constr,ortho",1
"ortho,aux",1
"transp,aux",1
"refl,agrcase,conj",1
"conj,agrcase",1
"conj,ref",1
"asp,agrcase",1
"ref,refl,agrcase",1
add,1
"num,prep,miss",1
"gender,agrcase",1
"constr,extra,transfer",1
"constr,mode",1
"constr,morph,agrgender",1
"asp,transp",1
"asp,constr,miss",1
"punct,altern",1
"syntax,constr,prep,extra",1
"constr,miss,not-clear",1
"syntax,constr,ref,miss",1
"disc,lex,subst,transfer",1
"syntax,constr,miss,transfer",1
"constr,extra,miss,prep",1
"asp,constr,aux",1
"aux,subst,asp",1
"morph,deriv,extra",1
"ortho,miss,translit",1
"syntax,constr,prep,subst,transfer",1
"syntax,mode,passive",1
"syntax,gov,prep,extra,transfer",1
"space,agrnum,agrcase",1
"wo,miss,prep,disc",1
"agrcase,constr,extra",1
"transfer,lex,conj",1
"transfer,lex,agrstr",1
"agrnum,agrpers,asp",1
"constr,wo,extra",1
"constr,idiom,miss",1
"ortho,subst,constr,miss",1
"not-clear,ref",1
"lex,idiom,prep",1
"lex,disc,transfer",1
"lex,deriv,transfer",1
"ref,extra,constr",1
"prep,num",1
"miss,agrstr,lex,not-clear",1
"lex,miss,ref",1
"agrstr,constr,disc",1
"lex,constr,transfer,idiom,prep",1
"conj,lex,transfer",1
"agrstr,prep,disc",1
"gov,agrcase,infl",1
"not-clear,wo",1
"num,subst",1
"transp,constr",1
"subst,conj",1
"subst,lex,transfer",1
"subst,infl",1
"deriv,infl,num",1
"lex,num,miss",1
"neg,space",1
"mode,asp",1
"constr,prep,agrnum",1
"extra,lex,constr",1
"transfer,constr,gov",1
"gov,coord",1
"infl,translit",1
"ref,conj,syntax",1
"lex,constr,wo",1
"deriv,constr",1
"deriv,lex,not-clear",1
"num,extra,lex",1
"altern,deriv,transp",1
"extra,ref,constr",1
"syntax,constr,miss,not-clear",1
"lex,not-clear,disc",1
"agrstr,miss,not-clear",1
"refl,passive",1
"impers,lex,miss",1
"disc,constr,num",1
"disc,constr,conj,miss",1
nom,1
"hyphen,lex",1
"agrgender,gov",1
"space,neg,lex",1
"prep,infl,constr",1
"ref,prep,miss",1
"gender,constr,disc",1
"gov,prep,transfer",1
"miss,num",1
"asp,ortho,extra",1
"asp,disc,constr",1
"prep,gender,constr",1
"lex,constr,prep",1
"miss,constr,com",1
"lex,gov,prep",1
"deriv,par",1
"extra,neg",1
"miss,morph",1
"asp,ortho,miss",1
"morph,agrnum",1
"par,agrgender",1
"wo,transp,extra,transfer",1
"par,constr",1
"tense,agrpers,agrgender",1
"miss,constr,agrstr",1
"miss,tense,constr,agrstr",1
"gov,agrcase,prep",1
"refl,lex,asp",1
"refl,deriv,morph,tense",1
"ortho,morph,refl",1
"extra,agrstr,constr",1
"deriv,asp",1
"ortho,asp,lex",1
"tense,agrcase,asp",1
"not-clear,gov,lex",1
"ref,disc",1
"prep,idiom,transfer",1
"constr,gov,prep,transfer",1
"gov,ref,prep",1
"syntax,ref",1
"gov,prep,miss,transfer",1
"ortho,miss,par",1
"lex,par,transfer",1
"syntax,agrstr",1
"miss,lex,transfer",1
"brev,space,extra",1
"constr,transfer,conj,punct",1
"constr,transfer,punct",1
"prep,gov,agrnum",1
"agrgender,morph",1
"lex,disc,impers,wo",1
"par,transfer",1
"miss,lex,gov",1
"prep,miss,transfer",1
"lex,par,constr",1
"agrcase,agrgender,ortho",1
"ortho,agrcase,agrnum",1
"constr,passive",1
"miss,constr,wo",1
"transfer,gov,miss",1
"extra,constr,agrcase",1
"agrgender,gov,ref,syntax,prep",1
"gov,prep,ref,syntax",1
"ref,extra,prep,extra",1
"constr,constr",1
"com,miss",1
"hyphen,lex,transfer",1
"agrgender,transfer",1
"agrcase,transfer",1
"ortho,miss,subst",1
"aux,extra,transfer",1
"refl,asp,transfer",1
"agrgender,deriv",1
"deriv,ortho,lex",1
"aux,ref,prep,miss,transfer",1
"prep,transfer,extra",1
"refl,altern",1
"conj,extra,prep",1
"impers,transfer",1
"conj,miss,lex",1
"num,miss",1
"space,ortho,infl",1
"refl,transfer",1
"infl,space,ortho",1
"lex,impers,transfer",1
"hyphen,wo",1
"ortho,subst,syntax",1
"syntax,ortho,miss",1
"prep,ortho,miss",1
"graph,ortho,subst",1
"ortho,syntax,syntax",1
"lex,hyphen",1
"gov,ortho,miss",1
"ortho,subst,graph",1
"space,transfer",1
"extra,agrnum",1
"constr,lex,idiom",1
"constr,hyphen,transfer,lex",1
"lex,constr,conj",1
"impers,neg,syntax",1
"constr,miss,conj",1
"lex,par,tense",1
"lex,prep,extra,agrstr,constr",1
"refl,prep,miss",1
"extra,ortho,par",1
"ref,miss,syntax",1
"gov,wo,transp",1
"conj,subst,syntax",1
"lex,gov,par",1
"mode,neg,transfer,lex",1
"agrgender,hyphen",1
"neg,miss,tense,transfer",1
"miss,prep,morph",1
"morph,par",1
"ortho,subst,neg",1
"ortho,subst,miss,infl,subst",1
"prep,extra,syntax",1
"impers,agrgender,agrnum",1
"lex,tense,asp",1
"not-clear,lex,par",1
"ref,constr,disc",1
"transfer,idiom,lex",1
"idiom,constr,miss",1
"aux,tense,syntax",1
"lex,extra,ref",1
"impers,miss,ref,syntax",1
"lex,constr,extra,agrstr",1
"lex,subst,impers,gov,constr",1
"agrstr,syntax",1
"wo,num",1
"miss,ref,conj",1
"impers,gov",1
"ortho,space,par",1
"lex,subst,num,constr",1
"brev,agrnum",1
"lex,wo,gov",1
"wo,lex,conj",1
"agrcase,wo,constr",1
"deriv,infl",1
"space,brev",1
"lex,not-clear,tense",1
"deriv,num",1
"num,infl,extra",1
"space,constr",1
"impers,miss,ref",1
"conj,miss,ref,constr",1
"wo,constr,miss",1
"ref,gender,agrgender",1
"conj,miss,syntax",1
"lex,miss,refl,ref",1
"gov,agrstr,miss,ref",1
"asp,lex,refl",1
"conj,extra,syntax",1
"lex,conj,subst,transfer",1
"miss,conj,syntax",1
"gender,ref,agrgender",1
"prep,extra,gov,ref",1
"miss,morph,syntax",1
"altern,agrnum,lex",1
"lex,miss,conj",1
"lex,extra,miss,not-clear",1
"lex,subst,gov",1
"conj,lex,miss",1
"deriv,lex,transfer",1
"ortho,extra,par",1
"mode,conj,tense",1
"conj,miss,gov",1
"num,conj",1
"lex,syntax,constr",1
"miss,ref,lex",1
"ortho,conj,prep",1
"deriv,lex,ortho",1
"prep,extra,gov,agrstr",1
"gov,agrcase,agrgender",1
"impers,agrnum",1
"agrgender,constr,syntax",1
"wo,agrstr,syntax",1
"num,disc,agrnum",1
"syntax,miss,ref",1
"syntax,transfer,conj,constr,mode",1
"aux,gov,agrgender",1
"gov,agrstr,constr,prep,miss",1
"syntax,impers",1
"gov,agrstr,constr",1
"impers,refl,agrnum",1
"constr,constr,ortho",1
"wo,mode",1
"constr,miss,transfer",1
"prep,agrstr,constr",1
"extra,passive",1
"constr,syntax,lex",1
"transfer,constr,syntax",1
"infl,misspell",1
"idiom,ref",1
"ref,idiom",1
"infl,brev",1
"altern,ortho",1
"prep,gov,constr",1
"par,agrcase",1
"graph,subst",1
"conj,lex,transfer,constr",1
"misspell,morph",1
"prep,constr,transfer",1
"idiom,constr,transfer",1
"lex,aux,transfer",1
"lex,par,transp",1
"gov,agrstr,prep",1
"brev,agrgender,agrnum",1
"lex,mode,refl",1
"agrstr,gov,miss,prep",1
"idiom,par,lex",1
"conj,constr,miss",1
"neg,constr,syntax,miss",1
"prep,agrstr,gov",1
"constr,lex,miss,agrstr",1
"gov,constr,conj",1
"lex,par,impers",1
"agrnum,agrcase,transfer",1
"gov,infl,subst",1
"coord,gov",1
"gender,constr",1
"lex,par,idiom,miss",1
"mode,constr,disc",1
"lex,disc,not-clear",1
"lex,constr,disc",1
"extra,ref,lex",1
"impers,refl,lex,subst,transfer",1
"idiom,lex,extra,ortho,space",1
"lex,disc,not-clear,extra",1
"lex,miss,prep",1
"extra,lex,constr,idiom",1
"prep,miss,ref",1
"conj,constr,gov",1
"conj,constr,syntax",1
"lex,ref,disc",1
"agrnum,agrcase,gov",1
"constr,gov,altern",1
"aux,syntax,miss",1
"num,infl,morph",1
"altern,infl,morph",1
"miss,prep,constr,transfer",1
"constr,lex,extra",1
"brev,constr,lex",1
"miss,lex,disc",1
"miss,syntax,gov",1
"brev,miss,conj",1
"miss,conj,constr,lex",1
"impers,constr,miss",1
